{
	"credit": "Made with Blockbench",
	"textures": {
		"0": "item/cinquentareais",
		"1": "item/cinquentareaisatras",
		"particle": "item/cinquentareais"
	},
	"elements": [
		{
			"from": [2, 0, 8],
			"to": [13, 6, 8.25],
			"faces": {
				"north": {"uv": [0, 0, 16, 16], "texture": "#0"},
				"east": {"uv": [0, 0, 0.25, 6], "texture": "#0"},
				"south": {"uv": [0, 0, 16, 16], "texture": "#1"},
				"west": {"uv": [0, 0, 0.25, 6], "texture": "#0"},
				"up": {"uv": [0, 0, 11, 0.25], "texture": "#0"},
				"down": {"uv": [0, 0, 11, 0.25], "texture": "#0"}
			}
		}
	]
}