{
  "parent": "minecraft:item/generated",
  "textures": {
    "layer0": "minecraft:item/feather"
  },
  "overrides": [
    {
      "predicate": {
        "custom_model_data": 1
      },
      "model": "minecraft:item/clt"
    },
    {
      "predicate": {
        "custom_model_data": 2
      },
      "model": "minecraft:item/doisreais"
    },
    {
      "predicate": {
        "custom_model_data": 3
      },
      "model": "minecraft:item/cincoreais"
    },
    {
      "predicate": {
        "custom_model_data": 4
      },
      "model": "minecraft:item/dezreais"
    },
    {
      "predicate": {
        "custom_model_data": 5
      },
      "model": "minecraft:item/vintereais"
    }
  ]
}
