{
	"credit": "Made with Blockbench",
	"textures": {
		"0": "item/vintereais",
		"1": "item/vintereaisatras",
		"particle": "item/vintereais"
	},
	"elements": [
		{
			"from": [2, 0, 8],
			"to": [13, 6, 8.25],
			"faces": {
				"north": {"uv": [0, 0, 16, 16], "texture": "#0"},
				"east": {"uv": [0, 0, 0.25, 6], "texture": "#0"},
				"south": {"uv": [0, 0, 16, 16], "texture": "#1"},
				"west": {"uv": [0, 0, 0.25, 6], "texture": "#0"},
				"up": {"uv": [0, 0, 11, 0.25], "texture": "#0"},
				"down": {"uv": [0, 0, 11, 0.25], "texture": "#0"}
			}
		}
	],
	"display": {
		"thirdperson_righthand": {
			"translation": [0, 8.25, 0]
		},
		"thirdperson_lefthand": {
			"translation": [0, 8, 0]
		},
		"firstperson_righthand": {
			"translation": [0, 7.75, 0]
		},
		"firstperson_lefthand": {
			"translation": [0, 7.75, 0]
		},
		"ground": {
			"translation": [0, 6, 0]
		},
		"gui": {
			"translation": [0.75, 5, 0],
			"scale": [1.34375, 1.20703, 1]
		},
		"fixed": {
			"translation": [0, 5, 0]
		}
	}
}